<ImportExportXml version="9.1.0.18645" SolutionPackageVersion="9.1" languagecode="1041" generatedBy="CrmLive" xmlns:xsi="http://www.w3.org/2001/XMLSchema-instance">
  <SolutionManifest>
    <UniqueName>FukushiFollowUp</UniqueName>
    <LocalizedNames>
      <LocalizedName description="福祉保健局健康フォローアップ" languagecode="1041" />
    </LocalizedNames>
    <Descriptions />
    <Version>1.0.1.1</Version>
    <Managed>0</Managed>
    <Publisher>
      <UniqueName>KKSTU_PowerPlat</UniqueName>
      <LocalizedNames>
        <LocalizedName description="KKSTU PowerPlat" languagecode="1041" />
      </LocalizedNames>
      <Descriptions />
      <EMailAddress xsi:nil="true"></EMailAddress>
      <SupportingWebsiteUrl xsi:nil="true"></SupportingWebsiteUrl>
      <CustomizationPrefix>new</CustomizationPrefix>
      <CustomizationOptionValuePrefix>10000</CustomizationOptionValuePrefix>
      <Addresses>
        <Address>
          <AddressNumber>1</AddressNumber>
          <AddressTypeCode>1</AddressTypeCode>
          <City xsi:nil="true"></City>
          <County xsi:nil="true"></County>
          <Country xsi:nil="true"></Country>
          <Fax xsi:nil="true"></Fax>
          <FreightTermsCode xsi:nil="true"></FreightTermsCode>
          <ImportSequenceNumber xsi:nil="true"></ImportSequenceNumber>
          <Latitude xsi:nil="true"></Latitude>
          <Line1 xsi:nil="true"></Line1>
          <Line2 xsi:nil="true"></Line2>
          <Line3 xsi:nil="true"></Line3>
          <Longitude xsi:nil="true"></Longitude>
          <Name xsi:nil="true"></Name>
          <PostalCode xsi:nil="true"></PostalCode>
          <PostOfficeBox xsi:nil="true"></PostOfficeBox>
          <PrimaryContactName xsi:nil="true"></PrimaryContactName>
          <ShippingMethodCode>1</ShippingMethodCode>
          <StateOrProvince xsi:nil="true"></StateOrProvince>
          <Telephone1 xsi:nil="true"></Telephone1>
          <Telephone2 xsi:nil="true"></Telephone2>
          <Telephone3 xsi:nil="true"></Telephone3>
          <TimeZoneRuleVersionNumber xsi:nil="true"></TimeZoneRuleVersionNumber>
          <UPSZone xsi:nil="true"></UPSZone>
          <UTCOffset xsi:nil="true"></UTCOffset>
          <UTCConversionTimeZoneCode xsi:nil="true"></UTCConversionTimeZoneCode>
        </Address>
        <Address>
          <AddressNumber>2</AddressNumber>
          <AddressTypeCode>1</AddressTypeCode>
          <City xsi:nil="true"></City>
          <County xsi:nil="true"></County>
          <Country xsi:nil="true"></Country>
          <Fax xsi:nil="true"></Fax>
          <FreightTermsCode xsi:nil="true"></FreightTermsCode>
          <ImportSequenceNumber xsi:nil="true"></ImportSequenceNumber>
          <Latitude xsi:nil="true"></Latitude>
          <Line1 xsi:nil="true"></Line1>
          <Line2 xsi:nil="true"></Line2>
          <Line3 xsi:nil="true"></Line3>
          <Longitude xsi:nil="true"></Longitude>
          <Name xsi:nil="true"></Name>
          <PostalCode xsi:nil="true"></PostalCode>
          <PostOfficeBox xsi:nil="true"></PostOfficeBox>
          <PrimaryContactName xsi:nil="true"></PrimaryContactName>
          <ShippingMethodCode>1</ShippingMethodCode>
          <StateOrProvince xsi:nil="true"></StateOrProvince>
          <Telephone1 xsi:nil="true"></Telephone1>
          <Telephone2 xsi:nil="true"></Telephone2>
          <Telephone3 xsi:nil="true"></Telephone3>
          <TimeZoneRuleVersionNumber xsi:nil="true"></TimeZoneRuleVersionNumber>
          <UPSZone xsi:nil="true"></UPSZone>
          <UTCOffset xsi:nil="true"></UTCOffset>
          <UTCConversionTimeZoneCode xsi:nil="true"></UTCConversionTimeZoneCode>
        </Address>
      </Addresses>
    </Publisher>
    <RootComponents>
      <RootComponent type="1" schemaName="new_fu_dailydata" behavior="0" />
      <RootComponent type="1" schemaName="new_fu_entrymaster" behavior="0" />
      <RootComponent type="1" schemaName="new_fu_entryprofile" behavior="0" />
      <RootComponent type="1" schemaName="new_fu_nurse" behavior="0" />
      <RootComponent type="1" schemaName="new_fu_profile" behavior="0" />
      <RootComponent type="1" schemaName="new_fu_tempaccommodation" behavior="0" />
      <RootComponent type="1" schemaName="new_fu_videolist" behavior="0" />
      <RootComponent type="1" schemaName="new_healthcenter" behavior="0" />
      <RootComponent type="9" schemaName="new_agetype" behavior="0" />
      <RootComponent type="9" schemaName="new_seibetsu" behavior="0" />
      <RootComponent type="20" id="{1d4e0e59-b089-ea11-a811-000d3a52ba9c}" behavior="0" />
      <RootComponent type="20" id="{33a199e9-af89-ea11-a811-000d3a52ba9c}" behavior="0" />
      <RootComponent type="20" id="{4a477880-b089-ea11-a811-000d3a52ba9c}" behavior="0" />
      <RootComponent type="29" id="{7c78821a-ac56-4853-abda-45bffe64c4ff}" behavior="0" />
      <RootComponent type="62" schemaName="new_FollowUpManagemnt" behavior="0" />
      <RootComponent type="80" schemaName="new_FollowUpManagemnt" behavior="0" />
      <RootComponent type="300" schemaName="new__15265" behavior="0" />
      <RootComponent type="300" schemaName="new__8ceda" behavior="0" />
    </RootComponents>
    <MissingDependencies>
      <MissingDependency>
        <Required key="0" type="61" schemaName="msdyn_/Images/AppModule_Default_Icon.png" displayName="msdyn_/Images/AppModule_Default_Icon.png" solution="AppModuleWebResources (2.5)" />
        <Dependent key="1" type="80" schemaName="new_FollowUpManagemnt" displayName="健康フォローアップ管理アプリ" />
      </MissingDependency>
    </MissingDependencies>
  </SolutionManifest>
</ImportExportXml>